"seller","day_of_week","income"
Aaron Alexander,friday   ,2657
Aaron Alexander,monday   ,2734
Aaron Alexander,saturday ,2710
Aaron Alexander,sunday   ,2480
Aaron Alexander,thursday ,2798
Aaron Alexander,tuesday  ,3520
Aaron Alexander,wednesday,2428
Abigail Flores,friday   ,22374389
Abigail Flores,monday   ,23142138
Abigail Flores,saturday ,22922781
Abigail Flores,sunday   ,20071143
Abigail Flores,thursday ,21387284
Abigail Flores,tuesday  ,21825997
Abigail Flores,wednesday,20838892
Abigail Wood,friday   ,18199701
Abigail Wood,monday   ,23592205
Abigail Wood,saturday ,21232984
Abigail Wood,sunday   ,23592205
Abigail Wood,thursday ,26625488
Abigail Wood,tuesday  ,23592205
Abigail Wood,wednesday,26962520
Adriana Vance,friday   ,2698240
Adriana Vance,monday   ,4216000
Adriana Vance,saturday ,2192320
Adriana Vance,sunday   ,2192320
Adriana Vance,thursday ,3541440
Adriana Vance,tuesday  ,3710080
Adriana Vance,wednesday,1855040
Adrienne Jiménez,friday   ,7279708
Adrienne Jiménez,monday   ,1819927
Adrienne Jiménez,saturday ,7279708
Adrienne Jiménez,sunday   ,5459781
Adrienne Jiménez,thursday ,1819927
Adrienne Jiménez,tuesday  ,5459781
Adrienne Jiménez,wednesday,1819927
Alberto Ramos,friday   ,58926009
Alberto Ramos,monday   ,65200538
Alberto Ramos,saturday ,55379536
Alberto Ramos,sunday   ,48286591
Alberto Ramos,thursday ,50741841
Alberto Ramos,tuesday  ,50196230
Alberto Ramos,wednesday,47468174
Alexandra Alexander,friday   ,6531074
Alexandra Alexander,monday   ,6531074
Alexandra Alexander,saturday ,2902699
Alexandra Alexander,sunday   ,5079724
Alexandra Alexander,thursday ,6531074
Alexandra Alexander,tuesday  ,7982424
Alexandra Alexander,wednesday,7982424
Alexandria Peterson,friday   ,9468272
Alexandria Peterson,monday   ,11189776
Alexandria Peterson,saturday ,12050528
Alexandria Peterson,sunday   ,19797296
Alexandria Peterson,thursday ,8607520
Alexandria Peterson,tuesday  ,10329024
Alexandria Peterson,wednesday,16354288
Alexis Hall,friday   ,6176780
Alexis Hall,monday   ,7178420
Alexis Hall,saturday ,6577436
Alexis Hall,sunday   ,6276944
Alexis Hall,thursday ,6610824
Alexis Hall,tuesday  ,5976452
Alexis Hall,wednesday,7445524
Alexis Wilson,friday   ,45720
Alexis Wilson,monday   ,109728
Alexis Wilson,saturday ,64008
Alexis Wilson,sunday   ,64008
Alexis Wilson,thursday ,64008
Alexis Wilson,tuesday  ,100584
Alexis Wilson,wednesday,73152
Alicia Chapman,friday   ,2418628
Alicia Chapman,monday   ,3359206
Alicia Chapman,saturday ,2687365
Alicia Chapman,sunday   ,1881155
Alicia Chapman,thursday ,2418628
Alicia Chapman,tuesday  ,2821733
Alicia Chapman,wednesday,1881155
Alison Lal,friday   ,528562
Alison Lal,monday   ,336357
Alison Lal,saturday ,528562
Alison Lal,sunday   ,384408
Alison Lal,thursday ,288306
Alison Lal,tuesday  ,480511
Alison Lal,wednesday,288306
Allison Allen,friday   ,563295
Allison Allen,monday   ,563295
Allison Allen,saturday ,563295
Allison Allen,sunday   ,2253180
Allison Allen,thursday ,1689885
Allison Allen,tuesday  ,563295
Allison Allen,wednesday,1126590
Alvin Zhao,friday   ,2209752
Alvin Zhao,monday   ,4051212
Alvin Zhao,saturday ,2209752
Alvin Zhao,sunday   ,2946336
Alvin Zhao,thursday ,2578044
Alvin Zhao,tuesday  ,2946336
Alvin Zhao,wednesday,4787796
Alvin Zheng,friday   ,7339900
Alvin Zheng,monday   ,6226260
Alvin Zheng,saturday ,6479360
Alvin Zheng,sunday   ,5922540
Alvin Zheng,thursday ,6023780
Alvin Zheng,tuesday  ,7795480
Alvin Zheng,wednesday,5618820
Amanda Bennett,friday   ,19396557
Amanda Bennett,monday   ,18137040
Amanda Bennett,saturday ,15869910
Amanda Bennett,sunday   ,16625620
Amanda Bennett,thursday ,16625620
Amanda Bennett,tuesday  ,18640847
Amanda Bennett,wednesday,16121813
Andrew Hill,friday   ,11793
Andrew Hill,monday   ,7581
Andrew Hill,saturday ,16848
Andrew Hill,sunday   ,14320
Andrew Hill,thursday ,12636
Andrew Hill,tuesday  ,19375
Andrew Hill,wednesday,19375
Angel Phillips,friday   ,294485
Angel Phillips,monday   ,133857
Angel Phillips,saturday ,133857
Angel Phillips,sunday   ,214171
Angel Phillips,thursday ,187400
Angel Phillips,tuesday  ,294485
Angel Phillips,wednesday,240942
Angelica Alexander,friday   ,2058944
Angelica Alexander,monday   ,1750102
Angelica Alexander,saturday ,1955996
Angelica Alexander,sunday   ,1750102
Angelica Alexander,thursday ,1750102
Angelica Alexander,tuesday  ,1647155
Angelica Alexander,wednesday,1544208
Ann Gonzalez,friday   ,38628260
Ann Gonzalez,monday   ,42875346
Ann Gonzalez,saturday ,38223775
Ann Gonzalez,sunday   ,37617049
Ann Gonzalez,thursday ,43684315
Ann Gonzalez,tuesday  ,41257408
Ann Gonzalez,wednesday,36605838
Annette Hill,friday   ,769405
Annette Hill,monday   ,692464
Annette Hill,saturday ,230821
Annette Hill,sunday   ,692464
Annette Hill,thursday ,923286
Annette Hill,tuesday  ,846345
Annette Hill,wednesday,384702
Arianna Bell,friday   ,57166008
Arianna Bell,monday   ,54816720
Arianna Bell,saturday ,45941632
Arianna Bell,sunday   ,51684336
Arianna Bell,thursday ,45680600
Arianna Bell,tuesday  ,54816720
Arianna Bell,wednesday,46202664
Arianna Richardson,friday   ,580860
Arianna Richardson,monday   ,929376
Arianna Richardson,saturday ,929376
Arianna Richardson,sunday   ,1277892
Arianna Richardson,thursday ,1277892
Arianna Richardson,tuesday  ,697032
Arianna Richardson,wednesday,929376
Audrey Diaz,friday   ,988729
Audrey Diaz,monday   ,1977458
Audrey Diaz,saturday ,1730275
Audrey Diaz,sunday   ,2224640
Audrey Diaz,thursday ,3213369
Audrey Diaz,tuesday  ,3213369
Audrey Diaz,wednesday,1235911
Austin Jai,friday   ,14521550
Austin Jai,monday   ,13613953
Austin Jai,saturday ,11798759
Austin Jai,sunday   ,11798759
Austin Jai,thursday ,15429147
Austin Jai,tuesday  ,20874728
Austin Jai,wednesday,20874728
Austin Zhang,friday   ,39016
Austin Zhang,monday   ,27311
Austin Zhang,saturday ,40967
Austin Zhang,sunday   ,31213
Austin Zhang,thursday ,35114
Austin Zhang,tuesday  ,35114
Austin Zhang,wednesday,48770
Barbara Lin,friday   ,79374433
Barbara Lin,monday   ,75923371
Barbara Lin,saturday ,72472308
Barbara Lin,sunday   ,76306822
Barbara Lin,thursday ,72472308
Barbara Lin,tuesday  ,86660009
Barbara Lin,wednesday,67487441
Blake Long,friday   ,109206
Blake Long,monday   ,87365
Blake Long,saturday ,76444
Blake Long,sunday   ,87365
Blake Long,thursday ,98285
Blake Long,tuesday  ,76444
Blake Long,wednesday,109206
Brad Goel,friday   ,57419846
Brad Goel,monday   ,60935347
Brad Goel,saturday ,60349430
Brad Goel,sunday   ,49509969
Brad Goel,thursday ,57419846
Brad Goel,tuesday  ,57712804
Brad Goel,wednesday,62400139
Brad Nath,friday   ,674560
Brad Nath,monday   ,1180480
Brad Nath,saturday ,1686400
Brad Nath,sunday   ,1686400
Brad Nath,thursday ,1855040
Brad Nath,tuesday  ,1855040
Brad Nath,wednesday,843200
Brandon Harris,friday   ,345214
Brandon Harris,monday   ,263020
Brandon Harris,saturday ,213704
Brandon Harris,sunday   ,263020
Brandon Harris,thursday ,263020
Brandon Harris,tuesday  ,361653
Brandon Harris,wednesday,263020
Bridget Chande,friday   ,735805
Bridget Chande,monday   ,833191
Bridget Chande,saturday ,833191
Bridget Chande,sunday   ,681702
Bridget Chande,thursday ,584316
Bridget Chande,tuesday  ,779088
Bridget Chande,wednesday,800729
Caitlin Howard,friday   ,188460
Caitlin Howard,monday   ,150768
Caitlin Howard,saturday ,201024
Caitlin Howard,sunday   ,150768
Caitlin Howard,thursday ,351792
Caitlin Howard,tuesday  ,288972
Caitlin Howard,wednesday,263844
Caleb Campbell,friday   ,1740248
Caleb Campbell,monday   ,1923432
Caleb Campbell,saturday ,1749407
Caleb Campbell,sunday   ,1767725
Caleb Campbell,thursday ,1703611
Caleb Campbell,tuesday  ,1914272
Caleb Campbell,wednesday,1795203
Caleb Li,friday   ,1041656
Caleb Li,monday   ,1206128
Caleb Li,saturday ,822360
Caleb Li,sunday   ,1151304
Caleb Li,thursday ,712712
Caleb Li,tuesday  ,877184
Caleb Li,wednesday,932008
Caleb Patterson,friday   ,225826613
Caleb Patterson,monday   ,228051505
Caleb Patterson,saturday ,244738201
Caleb Patterson,sunday   ,224714166
Caleb Patterson,thursday ,216927042
Caleb Patterson,tuesday  ,199127900
Caleb Patterson,wednesday,208027471
Carla Gonzalez,friday   ,77560
Carla Gonzalez,monday   ,232681
Carla Gonzalez,saturday ,387803
Carla Gonzalez,sunday   ,155121
Carla Gonzalez,thursday ,155121
Carla Gonzalez,tuesday  ,232681
Carlos Howard,friday   ,1452443
Carlos Howard,monday   ,1375999
Carlos Howard,saturday ,1255872
Carlos Howard,sunday   ,1397840
Carlos Howard,thursday ,1452443
Carlos Howard,tuesday  ,1496126
Carlos Howard,wednesday,1332316
Caroline Butler,friday   ,11339966
Caroline Butler,monday   ,8504974
Caroline Butler,saturday ,5669983
Caroline Butler,sunday   ,3779988
Caroline Butler,thursday ,6614980
Caroline Butler,tuesday  ,13229960
Caroline Butler,wednesday,6614980
Cassandra Madan,friday   ,1335728
Cassandra Madan,monday   ,1257156
Cassandra Madan,saturday ,942867
Cassandra Madan,sunday   ,1257156
Cassandra Madan,thursday ,1414300
Cassandra Madan,tuesday  ,1178583
Cassandra Madan,wednesday,942867
Catherine Murphy,friday   ,2462544
Catherine Murphy,monday   ,2437416
Catherine Murphy,saturday ,2588184
Catherine Murphy,sunday   ,2525364
Catherine Murphy,thursday ,2462544
Catherine Murphy,tuesday  ,2550492
Catherine Murphy,wednesday,2349468
Catherine Sanders,friday   ,388048
Catherine Sanders,monday   ,665226
Catherine Sanders,saturday ,831532
Catherine Sanders,sunday   ,277177
Catherine Sanders,thursday ,332613
Catherine Sanders,tuesday  ,388048
Catherine Sanders,wednesday,332613
Cedric Ma,friday   ,1273720
Cedric Ma,monday   ,2264392
Cedric Ma,saturday ,636860
Cedric Ma,sunday   ,1061433
Cedric Ma,thursday ,707622
Cedric Ma,tuesday  ,1415245
Cedric Ma,wednesday,919909
Charles Sanders,friday   ,17712109
Charles Sanders,monday   ,19576541
Charles Sanders,saturday ,15847676
Charles Sanders,sunday   ,15614622
Charles Sanders,thursday ,11885757
Charles Sanders,tuesday  ,19343487
Charles Sanders,wednesday,13750190
Charles Watson,friday   ,10820
Charles Watson,monday   ,21641
Charles Watson,saturday ,32462
Charles Watson,sunday   ,32462
Charles Watson,thursday ,10820
Charles Watson,tuesday  ,21641
Charles Watson,wednesday,10820
Christian Garcia,friday   ,20280598
Christian Garcia,monday   ,21001228
Christian Garcia,saturday ,18633443
Christian Garcia,sunday   ,20486492
Christian Garcia,thursday ,18633443
Christian Garcia,tuesday  ,21310070
Christian Garcia,wednesday,21413017
Christian Hughes,friday   ,2182444
Christian Hughes,monday   ,2182444
Christian Hughes,saturday ,4092084
Christian Hughes,sunday   ,1091222
Christian Hughes,thursday ,3000861
Christian Hughes,tuesday  ,1091222
Christian Hughes,wednesday,2182444
Christy Andersen,friday   ,1415695
Christy Andersen,monday   ,2224664
Christy Andersen,saturday ,1415695
Christy Andersen,sunday   ,1415695
Christy Andersen,thursday ,1820179
Christy Andersen,tuesday  ,2426906
Christy Andersen,wednesday,1415695
Clarence Zeng,friday   ,131047
Clarence Zeng,monday   ,152888
Clarence Zeng,saturday ,185650
Clarence Zeng,sunday   ,218412
Clarence Zeng,thursday ,141968
Clarence Zeng,tuesday  ,174730
Clarence Zeng,wednesday,196571
Clayton Zeng,friday   ,3067447
Clayton Zeng,monday   ,3582591
Clayton Zeng,saturday ,2716213
Clayton Zeng,sunday   ,2833291
Clayton Zeng,thursday ,3067447
Clayton Zeng,tuesday  ,2856706
Clayton Zeng,wednesday,2997200
Cody Reed,friday   ,9391
Cody Reed,monday   ,12521
Cody Reed,saturday ,6260
Cody Reed,sunday   ,15652
Cody Reed,thursday ,3130
Cody Reed,wednesday,6260
Cole Cook,friday   ,34065280
Cole Cook,monday   ,32716160
Cole Cook,saturday ,32547520
Cole Cook,sunday   ,34739840
Cole Cook,thursday ,31535680
Cole Cook,tuesday  ,37269440
Cole Cook,wednesday,29512000
Colleen Nara,friday   ,115679
Colleen Nara,monday   ,173518
Colleen Nara,saturday ,173518
Colleen Nara,sunday   ,115679
Colleen Nara,thursday ,115679
Colleen Nara,wednesday,57839
Connor Edwards,friday   ,174758
Connor Edwards,monday   ,196603
Connor Edwards,saturday ,218448
Connor Edwards,sunday   ,196603
Connor Edwards,thursday ,131068
Connor Edwards,tuesday  ,240292
Connor Edwards,wednesday,65534
Cristina Xu,friday   ,0
Cristina Xu,monday   ,0
Cristina Xu,saturday ,0
Cristina Xu,sunday   ,0
Cristina Xu,thursday ,0
Cristina Xu,tuesday  ,0
Cristina Xu,wednesday,0
Dakota Russell,friday   ,290572
Dakota Russell,monday   ,269817
Dakota Russell,saturday ,332083
Dakota Russell,sunday   ,269817
Dakota Russell,thursday ,394348
Dakota Russell,tuesday  ,228307
Dakota Russell,wednesday,415104
Dale Holt,friday   ,6668544
Dale Holt,monday   ,4211712
Dale Holt,saturday ,5966592
Dale Holt,sunday   ,4562688
Dale Holt,thursday ,4562688
Dale Holt,tuesday  ,5966592
Dale Holt,wednesday,6317568
Danielle Cooper,friday   ,1011094
Danielle Cooper,monday   ,337031
Danielle Cooper,sunday   ,674063
Danielle Cooper,thursday ,337031
Danielle Cooper,tuesday  ,1348126
Danielle Cooper,wednesday,337031
Danielle Sanders,friday   ,4150512
Danielle Sanders,monday   ,4674787
Danielle Sanders,saturday ,4609252
Danielle Sanders,sunday   ,3910219
Danielle Sanders,thursday ,4368960
Danielle Sanders,tuesday  ,4216046
Danielle Sanders,wednesday,4347115
Danny Vazquez,friday   ,4394376
Danny Vazquez,monday   ,6445084
Danny Vazquez,saturday ,3808459
Danny Vazquez,sunday   ,3808459
Danny Vazquez,thursday ,5273251
Danny Vazquez,tuesday  ,5859168
Danny Vazquez,wednesday,7616918
Dave Richards,friday   ,115071
Dave Richards,monday   ,197265
Dave Richards,saturday ,82194
Dave Richards,sunday   ,49316
Dave Richards,thursday ,180826
Dave Richards,tuesday  ,147949
Dave Richards,wednesday,197265
Deb Waldal,friday   ,5398400
Deb Waldal,monday   ,5735800
Deb Waldal,saturday ,5398400
Deb Waldal,sunday   ,5061000
Deb Waldal,thursday ,5061000
Deb Waldal,tuesday  ,6410600
Deb Waldal,wednesday,2699200
Dennis Wu,friday   ,60919040
Dennis Wu,monday   ,57404480
Dennis Wu,saturday ,51546880
Dennis Wu,sunday   ,57990240
Dennis Wu,thursday ,57697360
Dennis Wu,tuesday  ,60040400
Dennis Wu,wednesday,56818720
Devin Nelson,friday   ,658728
Devin Nelson,monday   ,823410
Devin Nelson,saturday ,658728
Devin Nelson,sunday   ,658728
Devin Nelson,thursday ,494046
Devin Nelson,tuesday  ,782239
Devin Nelson,wednesday,864580
Donald Martinez,friday   ,225790
Donald Martinez,monday   ,326141
Donald Martinez,saturday ,100351
Donald Martinez,sunday   ,175614
Donald Martinez,thursday ,326141
Donald Martinez,tuesday  ,150526
Donald Martinez,wednesday,150526
Donald Raman,friday   ,22783469
Donald Raman,monday   ,23099906
Donald Raman,saturday ,21517720
Donald Raman,sunday   ,22783469
Donald Raman,thursday ,22467031
Donald Raman,tuesday  ,20884846
Donald Raman,wednesday,20884846
Eddie Gomez,friday   ,11238920
Eddie Gomez,monday   ,11129272
Eddie Gomez,saturday ,10800328
Eddie Gomez,sunday   ,9703848
Eddie Gomez,thursday ,9594200
Eddie Gomez,tuesday  ,12719168
Eddie Gomez,wednesday,9703848
Eduardo Brown,friday   ,506200
Eduardo Brown,monday   ,506200
Eduardo Brown,saturday ,303720
Eduardo Brown,sunday   ,455580
Eduardo Brown,thursday ,455580
Eduardo Brown,tuesday  ,404960
Eduardo Brown,wednesday,404960
Eduardo Butler,friday   ,4419504
Eduardo Butler,monday   ,7365840
Eduardo Butler,saturday ,6629256
Eduardo Butler,sunday   ,12153636
Eduardo Butler,thursday ,5156088
Eduardo Butler,tuesday  ,7734132
Eduardo Butler,wednesday,5892672
Eduardo Walker,friday   ,155448
Eduardo Walker,monday   ,128016
Eduardo Walker,saturday ,182880
Eduardo Walker,sunday   ,155448
Eduardo Walker,thursday ,155448
Eduardo Walker,tuesday  ,192024
Eduardo Walker,wednesday,164592
Edwin Deng,friday   ,91435043
Edwin Deng,monday   ,100143143
Edwin Deng,saturday ,84178294
Edwin Deng,sunday   ,98691793
Edwin Deng,thursday ,79098569
Edwin Deng,tuesday  ,108125567
Edwin Deng,wednesday,89983693
Edwin Li,friday   ,4217965
Edwin Li,monday   ,3834513
Edwin Li,saturday ,3067610
Edwin Li,sunday   ,2684159
Edwin Li,thursday ,2300708
Edwin Li,tuesday  ,3067610
Edwin Li,wednesday,3451062
Erik Gutierrez,friday   ,7285576
Erik Gutierrez,monday   ,6902124
Erik Gutierrez,saturday ,8052478
Erik Gutierrez,sunday   ,4984867
Erik Gutierrez,thursday ,6135221
Erik Gutierrez,tuesday  ,6518673
Erik Gutierrez,wednesday,5368319
Ethan Clark,friday   ,9468272
Ethan Clark,monday   ,6886016
Ethan Clark,saturday ,10329024
Ethan Clark,sunday   ,4303760
Ethan Clark,thursday ,10329024
Ethan Clark,tuesday  ,3443008
Ethan Clark,wednesday,6025264
Ethan Lal,friday   ,143774238
Ethan Lal,monday   ,109195624
Ethan Lal,saturday ,116475332
Ethan Lal,sunday   ,112835478
Ethan Lal,thursday ,147414092
Ethan Lal,tuesday  ,118295259
Ethan Lal,wednesday,136494530
Ethan Perry,friday   ,1455707
Ethan Perry,monday   ,1731789
Ethan Perry,saturday ,1882380
Ethan Perry,sunday   ,1656494
Ethan Perry,thursday ,2032970
Ethan Perry,tuesday  ,1781986
Ethan Perry,wednesday,1656494
Ethan Sharma,friday   ,809685
Ethan Sharma,monday   ,616902
Ethan Sharma,saturday ,578346
Ethan Sharma,sunday   ,578346
Ethan Sharma,thursday ,694015
Ethan Sharma,tuesday  ,732572
Ethan Sharma,wednesday,655459
Evelyn Perez,friday   ,253344
Evelyn Perez,monday   ,337792
Evelyn Perez,saturday ,422240
Evelyn Perez,sunday   ,380016
Evelyn Perez,thursday ,337792
Evelyn Perez,tuesday  ,337792
Evelyn Perez,wednesday,380016
Fernando Jenkins,friday   ,72455587
Fernando Jenkins,monday   ,68295457
Fernando Jenkins,saturday ,65868715
Fernando Jenkins,sunday   ,74882329
Fernando Jenkins,thursday ,59975198
Fernando Jenkins,tuesday  ,69335490
Fernando Jenkins,wednesday,69335490
Gabriella Rivera,friday   ,121366036
Gabriella Rivera,monday   ,117923028
Gabriella Rivera,saturday ,106733251
Gabriella Rivera,sunday   ,99847235
Gabriella Rivera,thursday ,109315507
Gabriella Rivera,tuesday  ,109315507
Gabriella Rivera,wednesday,110176259
Gabrielle price,friday   ,6586871
Gabrielle price,monday   ,6933549
Gabrielle price,saturday ,5893516
Gabrielle price,sunday   ,5893516
Gabrielle price,thursday ,6933549
Gabrielle price,tuesday  ,7626903
Gabrielle price,wednesday,5200161
Garrett Murphy,friday   ,1792224
Garrett Murphy,monday   ,1746504
Garrett Murphy,saturday ,1728216
Garrett Murphy,sunday   ,1581912
Garrett Murphy,thursday ,2066544
Garrett Murphy,tuesday  ,2039112
Garrett Murphy,wednesday,1728216
Gerald Martinez,friday   ,308451
Gerald Martinez,monday   ,385564
Gerald Martinez,saturday ,424120
Gerald Martinez,sunday   ,231338
Gerald Martinez,thursday ,347007
Gerald Martinez,tuesday  ,347007
Gerald Martinez,wednesday,269895
Glenn Lu,friday   ,48940612
Glenn Lu,monday   ,50898237
Glenn Lu,saturday ,48157562
Glenn Lu,sunday   ,46199938
Glenn Lu,thursday ,52072811
Glenn Lu,tuesday  ,55596535
Glenn Lu,wednesday,47374512
Glenn Zeng,friday   ,103776
Glenn Zeng,monday   ,269817
Glenn Zeng,saturday ,124531
Glenn Zeng,sunday   ,186796
Glenn Zeng,thursday ,103776
Glenn Zeng,tuesday  ,269817
Glenn Zeng,wednesday,166041
Grant Andersen,friday   ,4280130
Grant Andersen,monday   ,3817413
Grant Andersen,saturday ,3528215
Grant Andersen,sunday   ,3933092
Grant Andersen,thursday ,4222290
Grant Andersen,tuesday  ,3643894
Grant Andersen,wednesday,4048772
Hailey Coleman,friday   ,539369
Hailey Coleman,monday   ,1029705
Hailey Coleman,saturday ,1127772
Hailey Coleman,sunday   ,588403
Hailey Coleman,thursday ,1078739
Hailey Coleman,tuesday  ,882604
Hailey Coleman,wednesday,686470
Hailey Lopez,friday   ,2105856
Hailey Lopez,monday   ,3860736
Hailey Lopez,saturday ,2456832
Hailey Lopez,sunday   ,3509760
Hailey Lopez,thursday ,2105856
Hailey Lopez,tuesday  ,4913664
Hailey Lopez,wednesday,2105856
Hailey Rivera,friday   ,5220640
Hailey Rivera,monday   ,3654448
Hailey Rivera,saturday ,3393416
Hailey Rivera,sunday   ,3654448
Hailey Rivera,thursday ,5220640
Hailey Rivera,tuesday  ,4698576
Hailey Rivera,wednesday,5481672
Hannah Jenkins,friday   ,671841
Hannah Jenkins,monday   ,1746787
Hannah Jenkins,saturday ,1209314
Hannah Jenkins,sunday   ,671841
Hannah Jenkins,thursday ,1612419
Hannah Jenkins,tuesday  ,1343682
Hannah Jenkins,wednesday,806209
Harold Subram,friday   ,149313309
Harold Subram,monday   ,136391965
Harold Subram,saturday ,135674113
Harold Subram,sunday   ,142134785
Harold Subram,thursday ,137827670
Harold Subram,tuesday  ,157927539
Harold Subram,wednesday,128495588
Henry Prasad,friday   ,4498514
Henry Prasad,monday   ,6902893
Henry Prasad,saturday ,5196560
Henry Prasad,sunday   ,5041439
Henry Prasad,thursday ,5429242
Henry Prasad,tuesday  ,5817045
Henry Prasad,wednesday,4576075
Isabel Long,friday   ,7473648
Isabel Long,monday   ,8318128
Isabel Long,saturday ,8824816
Isabel Long,sunday   ,7895888
Isabel Long,thursday ,7642544
Isabel Long,tuesday  ,8275904
Isabel Long,wednesday,10175984
Isabel Powell,friday   ,109910
Isabel Powell,monday   ,18318
Isabel Powell,saturday ,54955
Isabel Powell,sunday   ,82432
Isabel Powell,thursday ,91592
Isabel Powell,tuesday  ,100751
Isabel Powell,wednesday,54955
Isabella Evans,friday   ,1053274
Isabella Evans,monday   ,886968
Isabella Evans,saturday ,942403
Isabella Evans,sunday   ,1385887
Isabella Evans,thursday ,997839
Isabella Evans,tuesday  ,720661
Isabella Evans,wednesday,609790
Isabella Mitchell,friday   ,14174958
Isabella Mitchell,monday   ,19844941
Isabella Mitchell,saturday ,17954946
Isabella Mitchell,sunday   ,16064952
Isabella Mitchell,thursday ,19844941
Isabella Mitchell,tuesday  ,17954946
Isabella Mitchell,wednesday,17009949
Isabelle Henderson,friday   ,140493
Isabelle Henderson,monday   ,374650
Isabelle Henderson,saturday ,163909
Isabelle Henderson,sunday   ,210740
Isabelle Henderson,thursday ,140493
Isabelle Henderson,tuesday  ,163909
Isabelle Henderson,wednesday,140493
Jack Hayes,friday   ,2635920
Jack Hayes,monday   ,3514560
Jack Hayes,saturday ,3514560
Jack Hayes,sunday   ,878640
Jack Hayes,thursday ,3514560
Jack Hayes,tuesday  ,2343040
Jack Hayes,wednesday,878640
Jack Richins,friday   ,6054438
Jack Richins,monday   ,6486898
Jack Richins,saturday ,5429774
Jack Richins,sunday   ,6583000
Jack Richins,thursday ,6150540
Jack Richins,tuesday  ,6054438
Jack Richins,wednesday,6775205
Jackson Foster,friday   ,4898851
Jackson Foster,monday   ,2449425
Jackson Foster,saturday ,1632950
Jackson Foster,thursday ,1632950
Jackson Foster,tuesday  ,1632950
Jackson Foster,wednesday,816475
Jacob Martinez,friday   ,0
Jacob Martinez,monday   ,0
Jacob Martinez,saturday ,0
Jacob Martinez,sunday   ,0
Jacob Martinez,thursday ,0
Jacob Martinez,tuesday  ,0
Jacob Martinez,wednesday,0
James Evans,friday   ,47687821
James Evans,monday   ,46253601
James Evans,saturday ,46253601
James Evans,sunday   ,44460826
James Evans,thursday ,40516720
James Evans,tuesday  ,51631927
James Evans,wednesday,46612156
James Kumar,friday   ,7529656
James Kumar,monday   ,4661215
James Kumar,saturday ,3226995
James Kumar,sunday   ,5019770
James Kumar,thursday ,5019770
James Kumar,tuesday  ,4302660
James Kumar,wednesday,6453990
James Mitchell,friday   ,2509885
James Mitchell,monday   ,3226995
James Mitchell,saturday ,2868440
James Mitchell,sunday   ,3585550
James Mitchell,thursday ,3944105
James Mitchell,tuesday  ,3226995
James Mitchell,wednesday,2151330
Jane Greer,friday   ,67924675
Jane Greer,monday   ,82554605
Jane Greer,saturday ,62699700
Jane Greer,sunday   ,80464615
Jane Greer,thursday ,62699700
Jane Greer,tuesday  ,83599600
Jane Greer,wednesday,65834685
Jared Gray,friday   ,0
Jared Gray,monday   ,0
Jared Gray,saturday ,0
Jared Gray,sunday   ,0
Jared Gray,thursday ,0
Jared Gray,tuesday  ,0
Jared Gray,wednesday,0
Jarrod Rana,friday   ,622076
Jarrod Rana,monday   ,622076
Jarrod Rana,saturday ,1866229
Jarrod Rana,sunday   ,1244152
Jarrod Rana,thursday ,1866229
Jarrod Rana,tuesday  ,622076
Jarrod Rana,wednesday,1244152
Jay Carlson,friday   ,199476
Jay Carlson,monday   ,249345
Jay Carlson,saturday ,174542
Jay Carlson,sunday   ,174542
Jay Carlson,thursday ,224411
Jay Carlson,tuesday  ,174542
Jay Carlson,wednesday,224411
Jenny Liang,friday   ,2312442
Jenny Liang,monday   ,3573774
Jenny Liang,saturday ,1681776
Jenny Liang,sunday   ,3363552
Jenny Liang,thursday ,5465772
Jenny Liang,tuesday  ,3363552
Jenny Liang,wednesday,2943108
Jenny Zimmerman,friday   ,23867929
Jenny Zimmerman,monday   ,31823906
Jenny Zimmerman,saturday ,13259961
Jenny Zimmerman,sunday   ,31823906
Jenny Zimmerman,thursday ,26519922
Jenny Zimmerman,tuesday  ,13259961
Jenny Zimmerman,wednesday,15911953
Jermaine Kapoor,friday   ,72553524
Jermaine Kapoor,monday   ,75499860
Jermaine Kapoor,saturday ,70712064
Jermaine Kapoor,sunday   ,67029144
Jermaine Kapoor,thursday ,66660852
Jermaine Kapoor,tuesday  ,73290108
Jermaine Kapoor,wednesday,76236444
Jermaine Perez,friday   ,316437
Jermaine Perez,monday   ,1265748
Jermaine Perez,saturday ,632874
Jermaine Perez,sunday   ,949311
Jermaine Perez,thursday ,316437
Jermaine Perez,tuesday  ,1265748
Jessica Rodriguez,friday   ,19496
Jessica Rodriguez,monday   ,38992
Jessica Rodriguez,saturday ,19496
Jessica Rodriguez,sunday   ,58488
Jessica Rodriguez,thursday ,58488
Jessica Rodriguez,tuesday  ,58488
Jessica Rodriguez,wednesday,19496
Jill Gomez,friday   ,185600121
Jill Gomez,monday   ,217369512
Jill Gomez,saturday ,203992926
Jill Gomez,sunday   ,182255975
Jill Gomez,thursday ,237434390
Jill Gomez,tuesday  ,235762316
Jill Gomez,wednesday,237434390
Jodi Deng,friday   ,6531074
Jodi Deng,monday   ,10885124
Jodi Deng,saturday ,11610799
Jodi Deng,sunday   ,11610799
Jodi Deng,thursday ,13787824
Jodi Deng,tuesday  ,13787824
Jodi Deng,wednesday,8708099
Joe Gutierrez,friday   ,672715
Joe Gutierrez,monday   ,816868
Joe Gutierrez,saturday ,576613
Joe Gutierrez,sunday   ,912970
Joe Gutierrez,thursday ,336357
Joe Gutierrez,tuesday  ,864919
Joe Gutierrez,wednesday,816868
Johnny Kumar,friday   ,1464792
Johnny Kumar,monday   ,2636625
Johnny Kumar,saturday ,1757750
Johnny Kumar,sunday   ,2343667
Johnny Kumar,thursday ,4394376
Johnny Kumar,tuesday  ,1757750
Johnny Kumar,wednesday,2929584
Jonathan Butler,monday   ,1073500
Jonathan Butler,saturday ,268375
Jonathan Butler,sunday   ,536750
Jonathan Butler,thursday ,268375
Jonathan Butler,tuesday  ,1073500
Jonathan Butler,wednesday,268375
Jonathan Hernandez,friday   ,62820
Jonathan Hernandez,monday   ,138204
Jonathan Hernandez,saturday ,50256
Jonathan Hernandez,sunday   ,163332
Jonathan Hernandez,thursday ,87948
Jonathan Hernandez,tuesday  ,138204
Jonathan Hernandez,wednesday,100512
Jordyn Coleman,friday   ,35089600
Jordyn Coleman,monday   ,47573400
Jordyn Coleman,saturday ,42175000
Jordyn Coleman,sunday   ,44199400
Jordyn Coleman,thursday ,42849800
Jordyn Coleman,tuesday  ,45886400
Jordyn Coleman,wednesday,45886400
Joseph Cantoni,friday   ,16907626
Joseph Cantoni,monday   ,17444376
Joseph Cantoni,saturday ,19054627
Joseph Cantoni,sunday   ,15565751
Joseph Cantoni,thursday ,22275127
Joseph Cantoni,tuesday  ,19591377
Joseph Cantoni,wednesday,19054627
Joseph White,friday   ,809920
Joseph White,monday   ,860540
Joseph White,saturday ,809920
Joseph White,sunday   ,759300
Joseph White,thursday ,961780
Joseph White,tuesday  ,658060
Joseph White,wednesday,809920
José Lopez,friday   ,328944
José Lopez,monday   ,548240
José Lopez,saturday ,657888
José Lopez,sunday   ,493416
José Lopez,thursday ,438592
José Lopez,tuesday  ,219296
José Lopez,wednesday,603064
Julian Jenkins,friday   ,174024
Julian Jenkins,monday   ,155706
Julian Jenkins,saturday ,201502
Julian Jenkins,sunday   ,183184
Julian Jenkins,thursday ,146547
Julian Jenkins,tuesday  ,155706
Julian Jenkins,wednesday,119069
Julie Jai,friday   ,3807440
Julie Jai,monday   ,5271840
Julie Jai,saturday ,4686080
Julie Jai,sunday   ,5271840
Julie Jai,thursday ,5857600
Julie Jai,tuesday  ,4686080
Julie Jai,wednesday,5857600
Julie Luo,friday   ,12949492
Julie Luo,monday   ,16063031
Julie Luo,saturday ,13444828
Julie Luo,sunday   ,13303303
Julie Luo,thursday ,13091017
Julie Luo,tuesday  ,15001598
Julie Luo,wednesday,13869401
Jésus Munoz,friday   ,34817184
Jésus Munoz,monday   ,40652466
Jésus Munoz,saturday ,34428165
Jésus Munoz,sunday   ,35595222
Jésus Munoz,thursday ,43764617
Jésus Munoz,tuesday  ,40263447
Jésus Munoz,wednesday,38318353
Kaitlyn Allen,friday   ,0
Kaitlyn Allen,monday   ,0
Kaitlyn Allen,saturday ,0
Kaitlyn Allen,sunday   ,0
Kaitlyn Allen,thursday ,0
Kaitlyn Allen,tuesday  ,0
Kaitlyn Allen,wednesday,0
Kaitlyn Harris,friday   ,583528
Kaitlyn Harris,monday   ,1361565
Kaitlyn Harris,saturday ,1750584
Kaitlyn Harris,sunday   ,1750584
Kaitlyn Harris,thursday ,2334112
Kaitlyn Harris,tuesday  ,1750584
Kaitlyn Harris,wednesday,1945094
Karen Huang,friday   ,0
Karen Huang,monday   ,0
Karen Huang,saturday ,0
Karen Huang,sunday   ,0
Karen Huang,thursday ,0
Karen Huang,tuesday  ,0
Karen Huang,wednesday,0
Kate Becker,friday   ,249504
Kate Becker,monday   ,149702
Kate Becker,saturday ,149702
Kate Becker,sunday   ,199603
Kate Becker,thursday ,249504
Kate Becker,tuesday  ,324355
Kate Becker,wednesday,149702
Kate Raje,friday   ,3172688
Kate Raje,monday   ,3468586
Kate Raje,saturday ,3369954
Kate Raje,sunday   ,3123372
Kate Raje,thursday ,3254882
Kate Raje,tuesday  ,3189127
Kate Raje,wednesday,3074055
Katherine Cook,friday   ,53010
Katherine Cook,monday   ,212040
Katherine Cook,saturday ,180234
Katherine Cook,sunday   ,180234
Katherine Cook,thursday ,201438
Katherine Cook,tuesday  ,243846
Katherine Cook,wednesday,222642
Kathleen Rubio,friday   ,2083889
Kathleen Rubio,monday   ,1864532
Kathleen Rubio,saturday ,1864532
Kathleen Rubio,sunday   ,1645175
Kathleen Rubio,thursday ,2303245
Kathleen Rubio,tuesday  ,3180673
Kathleen Rubio,wednesday,1206462
Katrina Sharma,friday   ,122805000
Katrina Sharma,monday   ,150436125
Katrina Sharma,saturday ,123828375
Katrina Sharma,sunday   ,128945250
Katrina Sharma,thursday ,144295875
Katrina Sharma,tuesday  ,130992000
Katrina Sharma,wednesday,118711500
Keith Lal,friday   ,187012
Keith Lal,monday   ,160056
Keith Lal,saturday ,174376
Keith Lal,sunday   ,156686
Keith Lal,thursday ,155844
Keith Lal,tuesday  ,176061
Keith Lal,wednesday,166795
Keith Pal,friday   ,39993947
Keith Pal,monday   ,40557242
Keith Pal,saturday ,37740767
Keith Pal,sunday   ,41683832
Keith Pal,thursday ,34924291
Keith Pal,tuesday  ,39993947
Keith Pal,wednesday,38304062
Krista Gill,friday   ,0
Krista Gill,monday   ,0
Krista Gill,saturday ,0
Krista Gill,sunday   ,0
Krista Gill,thursday ,0
Krista Gill,tuesday  ,0
Krista Gill,wednesday,0
Kristen Li,friday   ,0
Kristen Li,monday   ,0
Kristen Li,saturday ,0
Kristen Li,sunday   ,0
Kristen Li,thursday ,0
Kristen Li,tuesday  ,0
Kristen Li,wednesday,0
Kristopher Martinez,friday   ,133552
Kristopher Martinez,monday   ,300492
Kristopher Martinez,saturday ,233716
Kristopher Martinez,sunday   ,400656
Kristopher Martinez,thursday ,300492
Kristopher Martinez,tuesday  ,267104
Kristopher Martinez,wednesday,200328
Kyle Young,friday   ,4940179
Kyle Young,monday   ,4565923
Kyle Young,saturday ,4765526
Kyle Young,sunday   ,4990080
Kyle Young,thursday ,5289484
Kyle Young,tuesday  ,5364336
Kyle Young,wednesday,4615824
Larry Gomez,friday   ,8899570
Larry Gomez,monday   ,6674678
Larry Gomez,saturday ,12236910
Larry Gomez,sunday   ,11124463
Larry Gomez,thursday ,10012017
Larry Gomez,tuesday  ,10012017
Larry Gomez,wednesday,5562231
Latasha Suarez,friday   ,3527874
Latasha Suarez,monday   ,3975858
Latasha Suarez,saturday ,4479840
Latasha Suarez,sunday   ,3639870
Latasha Suarez,thursday ,3695868
Latasha Suarez,tuesday  ,3919860
Latasha Suarez,wednesday,3807864
Lauren Cooper,friday   ,327672
Lauren Cooper,monday   ,436896
Lauren Cooper,saturday ,415051
Lauren Cooper,sunday   ,480585
Lauren Cooper,thursday ,415051
Lauren Cooper,tuesday  ,305827
Lauren Cooper,wednesday,327672
Levi Gonzalez,friday   ,0
Levi Gonzalez,monday   ,0
Levi Gonzalez,saturday ,0
Levi Gonzalez,sunday   ,0
Levi Gonzalez,thursday ,0
Levi Gonzalez,tuesday  ,0
Levi Gonzalez,wednesday,0
Levi Prasad,friday   ,451580
Levi Prasad,monday   ,551932
Levi Prasad,saturday ,526844
Levi Prasad,sunday   ,602107
Levi Prasad,thursday ,200702
Levi Prasad,tuesday  ,426493
Levi Prasad,wednesday,501756
Lisa Chen,friday   ,1733387
Lisa Chen,monday   ,2426742
Lisa Chen,saturday ,3466774
Lisa Chen,sunday   ,2426742
Lisa Chen,thursday ,3466774
Lisa Chen,tuesday  ,4160129
Lisa Chen,wednesday,2773419
Louis Hu,friday   ,3116822
Louis Hu,monday   ,3316299
Louis Hu,saturday ,3341233
Louis Hu,sunday   ,2468523
Louis Hu,thursday ,3765121
Louis Hu,tuesday  ,3042018
Louis Hu,wednesday,3316299
Luke Simmons,friday   ,4048800
Luke Simmons,monday   ,4048800
Luke Simmons,saturday ,1687000
Luke Simmons,sunday   ,3711400
Luke Simmons,thursday ,1687000
Luke Simmons,tuesday  ,2361800
Luke Simmons,wednesday,2361800
Mackenzie Adams,friday   ,3890188
Mackenzie Adams,monday   ,4279207
Mackenzie Adams,saturday ,1945094
Mackenzie Adams,sunday   ,1945094
Mackenzie Adams,thursday ,2917641
Mackenzie Adams,tuesday  ,3112150
Mackenzie Adams,wednesday,4668225
Mackenzie Ramirez,friday   ,324355
Mackenzie Ramirez,monday   ,623760
Mackenzie Ramirez,saturday ,449107
Mackenzie Ramirez,sunday   ,324355
Mackenzie Ramirez,thursday ,474057
Mackenzie Ramirez,tuesday  ,449107
Mackenzie Ramirez,wednesday,399206
Madison Foster,friday   ,7581
Madison Foster,monday   ,9266
Madison Foster,saturday ,7581
Madison Foster,sunday   ,5054
Madison Foster,thursday ,5896
Madison Foster,tuesday  ,7581
Madison Foster,wednesday,5896
Marc Romero,friday   ,41679118
Marc Romero,monday   ,46033653
Marc Romero,saturday ,38568736
Marc Romero,sunday   ,43545348
Marc Romero,thursday ,41679118
Marc Romero,tuesday  ,44789500
Marc Romero,wednesday,40434966
Mario Rai,friday   ,0
Mario Rai,monday   ,0
Mario Rai,saturday ,0
Mario Rai,sunday   ,0
Mario Rai,thursday ,0
Mario Rai,tuesday  ,0
Mario Rai,wednesday,0
Marissa price,friday   ,358394
Marissa price,monday   ,238929
Marissa price,saturday ,398216
Marissa price,sunday   ,398216
Marissa price,thursday ,318572
Marissa price,tuesday  ,398216
Marissa price,wednesday,199108
Martin Patel,friday   ,106020
Martin Patel,monday   ,74214
Martin Patel,saturday ,106020
Martin Patel,sunday   ,258121
Martin Patel,thursday ,42408
Martin Patel,tuesday  ,127224
Martin Patel,wednesday,84816
Marvin Gomez,friday   ,27749304
Marvin Gomez,monday   ,29851524
Marvin Gomez,saturday ,27749304
Marvin Gomez,sunday   ,25647084
Marvin Gomez,thursday ,21442644
Marvin Gomez,tuesday  ,29641302
Marvin Gomez,wednesday,25226640
María Flores,friday   ,5300743
María Flores,monday   ,5407828
María Flores,saturday ,4979485
María Flores,sunday   ,5622000
María Flores,thursday ,5140114
María Flores,tuesday  ,5140114
María Flores,wednesday,5086571
Mason Cook,friday   ,1044995
Mason Cook,monday   ,2089990
Mason Cook,saturday ,3134985
Mason Cook,sunday   ,3134985
Mason Cook,thursday ,3134985
Mason Cook,tuesday  ,5224975
Mason Wright,friday   ,50196
Mason Wright,monday   ,25098
Mason Wright,saturday ,100393
Mason Wright,sunday   ,50196
Mason Wright,thursday ,25098
Mason Wright,tuesday  ,25098
Mason Wright,wednesday,50196
Mayra Sanchez,friday   ,1206462
Mayra Sanchez,monday   ,658070
Mayra Sanchez,saturday ,877427
Mayra Sanchez,sunday   ,658070
Mayra Sanchez,thursday ,987105
Mayra Sanchez,tuesday  ,987105
Mayra Sanchez,wednesday,987105
Melanie Alexander,friday   ,1626408
Melanie Alexander,monday   ,1742580
Melanie Alexander,saturday ,1974924
Melanie Alexander,sunday   ,1974924
Melanie Alexander,thursday ,1510236
Melanie Alexander,tuesday  ,2207268
Melanie Alexander,wednesday,1394064
Melanie Russell,friday   ,189944437
Melanie Russell,monday   ,186164448
Melanie Russell,saturday ,175769479
Melanie Russell,sunday   ,161594521
Melanie Russell,thursday ,203174398
Melanie Russell,tuesday  ,200339406
Melanie Russell,wednesday,182384459
Melinda Jimenez,friday   ,3460551
Melinda Jimenez,monday   ,3707733
Melinda Jimenez,saturday ,4696462
Melinda Jimenez,sunday   ,3460551
Melinda Jimenez,thursday ,2966187
Melinda Jimenez,tuesday  ,3460551
Melinda Jimenez,wednesday,3460551
Michael John Troyer,friday   ,926524
Michael John Troyer,monday   ,514736
Michael John Troyer,saturday ,926524
Michael John Troyer,sunday   ,1338313
Michael John Troyer,thursday ,926524
Michael John Troyer,tuesday  ,514736
Michael John Troyer,wednesday,926524
Micheal Vazquez,friday   ,5258297
Micheal Vazquez,monday   ,2831390
Micheal Vazquez,saturday ,3842601
Micheal Vazquez,sunday   ,4044844
Micheal Vazquez,thursday ,3842601
Micheal Vazquez,tuesday  ,4247086
Micheal Vazquez,wednesday,2629148
Michele Raji,friday   ,466108
Michele Raji,monday   ,466108
Michele Raji,saturday ,466108
Michele Raji,sunday   ,1398324
Michele Raji,thursday ,233054
Miguel Gonzalez,friday   ,7017270
Miguel Gonzalez,monday   ,9060761
Miguel Gonzalez,saturday ,7325721
Miguel Gonzalez,sunday   ,7518503
Miguel Gonzalez,thursday ,7210052
Miguel Gonzalez,tuesday  ,7325721
Miguel Gonzalez,wednesday,8096850
Monique Torres,friday   ,2349149
Monique Torres,monday   ,2349149
Monique Torres,saturday ,3132199
Monique Torres,sunday   ,3915249
Monique Torres,thursday ,3523724
Monique Torres,tuesday  ,4698298
Monique Torres,wednesday,3132199
Morgan Hill,friday   ,257571
Morgan Hill,monday   ,421481
Morgan Hill,saturday ,257571
Morgan Hill,sunday   ,491728
Morgan Hill,thursday ,210740
Morgan Hill,tuesday  ,351234
Morgan Hill,wednesday,491728
Mya Coleman,friday   ,0
Mya Coleman,monday   ,0
Mya Coleman,saturday ,0
Mya Coleman,sunday   ,0
Mya Coleman,thursday ,0
Mya Coleman,tuesday  ,0
Mya Coleman,wednesday,0
Nancy Buchanan,friday   ,7163667
Nancy Buchanan,monday   ,7822395
Nancy Buchanan,saturday ,8563464
Nancy Buchanan,sunday   ,7987077
Nancy Buchanan,thursday ,8398782
Nancy Buchanan,tuesday  ,8933998
Nancy Buchanan,wednesday,8357611
Natalie Reed,friday   ,312768
Natalie Reed,monday   ,78192
Natalie Reed,saturday ,234576
Natalie Reed,sunday   ,156384
Natalie Reed,thursday ,469152
Natalie Reed,wednesday,156384
Natalie Williams,friday   ,16720731
Natalie Williams,monday   ,8360365
Natalie Williams,saturday ,21736951
Natalie Williams,sunday   ,5016219
Natalie Williams,thursday ,16720731
Natalie Williams,tuesday  ,11704512
Natalie Williams,wednesday,15048658
Nathaniel Howard,friday   ,490618557
Nathaniel Howard,monday   ,564874338
Nathaniel Howard,saturday ,562222346
Nathaniel Howard,sunday   ,485314572
Nathaniel Howard,thursday ,533050432
Nathaniel Howard,tuesday  ,538354416
Nathaniel Howard,wednesday,490618557
Nicolas Raje,friday   ,187824
Nicolas Raje,monday   ,262953
Nicolas Raje,saturday ,209736
Nicolas Raje,sunday   ,259823
Nicolas Raje,thursday ,175302
Nicolas Raje,tuesday  ,256692
Nicolas Raje,wednesday,181563
Noah Bryant,friday   ,676967
Noah Bryant,monday   ,637145
Noah Bryant,saturday ,358394
Noah Bryant,sunday   ,398216
Noah Bryant,thursday ,676967
Noah Bryant,tuesday  ,876075
Noah Bryant,wednesday,438037
Noah Jones,friday   ,1681776
Noah Jones,monday   ,1051110
Noah Jones,saturday ,2312442
Noah Jones,sunday   ,1051110
Noah Jones,thursday ,2522664
Noah Jones,tuesday  ,2102220
Noah Jones,wednesday,1261332
Olivia Bennett,friday   ,0
Olivia Bennett,monday   ,0
Olivia Bennett,saturday ,0
Olivia Bennett,sunday   ,0
Olivia Bennett,thursday ,0
Olivia Bennett,tuesday  ,0
Olivia Bennett,wednesday,0
Olivia Cox,friday   ,4803553
Olivia Cox,monday   ,4934085
Olivia Cox,saturday ,4673022
Olivia Cox,sunday   ,5116828
Olivia Cox,thursday ,5560635
Olivia Cox,tuesday  ,5612848
Olivia Cox,wednesday,5247360
Olivia Howard,friday   ,411705
Olivia Howard,monday   ,411705
Olivia Howard,saturday ,329364
Olivia Howard,sunday   ,329364
Olivia Howard,thursday ,288193
Olivia Howard,tuesday  ,370534
Olivia Howard,wednesday,288193
Pablo Rovira Diez,friday   ,251903
Pablo Rovira Diez,monday   ,1007613
Pablo Rovira Diez,saturday ,251903
Pablo Rovira Diez,sunday   ,251903
Pablo Rovira Diez,thursday ,755710
Pablo Rovira Diez,tuesday  ,755710
Patrick Sanders,friday   ,2511379
Patrick Sanders,monday   ,2988748
Patrick Sanders,saturday ,2615155
Patrick Sanders,sunday   ,2718931
Patrick Sanders,thursday ,2781196
Patrick Sanders,tuesday  ,2407603
Patrick Sanders,wednesday,2656665
Peter Black,friday   ,550005
Peter Black,monday   ,550005
Peter Black,saturday ,550005
Peter Black,sunday   ,471433
Peter Black,thursday ,785722
Peter Black,tuesday  ,707150
Peter Black,wednesday,1021439
Philip Gutierrez,friday   ,14695635
Philip Gutierrez,monday   ,15311159
Philip Gutierrez,saturday ,15695862
Philip Gutierrez,sunday   ,16542207
Philip Gutierrez,thursday ,14464814
Philip Gutierrez,tuesday  ,15926683
Philip Gutierrez,wednesday,13464587
Preston Perez,friday   ,8187000
Preston Perez,monday   ,16374000
Preston Perez,saturday ,18420750
Preston Perez,sunday   ,23537625
Preston Perez,thursday ,16374000
Preston Perez,tuesday  ,16374000
Preston Perez,wednesday,8187000
Randall Ruiz,friday   ,535428
Randall Ruiz,monday   ,374800
Randall Ruiz,saturday ,455114
Randall Ruiz,sunday   ,401571
Randall Ruiz,thursday ,508657
Randall Ruiz,tuesday  ,481885
Randall Ruiz,wednesday,508657
Randy Zhang,friday   ,1000226
Randy Zhang,monday   ,1154107
Randy Zhang,saturday ,1307988
Randy Zhang,sunday   ,1538810
Randy Zhang,thursday ,1538810
Randy Zhang,tuesday  ,1615750
Randy Zhang,wednesday,1077167
Raymond Madan,friday   ,5160672
Raymond Madan,monday   ,6098976
Raymond Madan,saturday ,5082480
Raymond Madan,sunday   ,4222368
Raymond Madan,thursday ,5786208
Raymond Madan,tuesday  ,7193664
Raymond Madan,wednesday,4847904
Richard Brown,friday   ,12417552
Richard Brown,monday   ,13470826
Richard Brown,saturday ,10976229
Richard Brown,sunday   ,9368599
Richard Brown,thursday ,9091422
Richard Brown,tuesday  ,11087100
Richard Brown,wednesday,10255567
Richard Cooper,friday   ,372608
Richard Cooper,monday   ,401870
Richard Cooper,saturday ,403821
Richard Cooper,sunday   ,351149
Richard Cooper,thursday ,411625
Richard Cooper,tuesday  ,386264
Richard Cooper,wednesday,364805
Richard Martinez,friday   ,0
Richard Martinez,monday   ,0
Richard Martinez,saturday ,0
Richard Martinez,sunday   ,0
Richard Martinez,thursday ,0
Richard Martinez,tuesday  ,0
Richard Martinez,wednesday,0
Robin Ortega,friday   ,675584
Robin Ortega,monday   ,675584
Robin Ortega,saturday ,380016
Robin Ortega,sunday   ,591136
Robin Ortega,thursday ,717808
Robin Ortega,tuesday  ,1055600
Robin Ortega,wednesday,844480
Rodney Sanz,friday   ,5415737
Rodney Sanz,monday   ,4579484
Rodney Sanz,saturday ,4340554
Rodney Sanz,sunday   ,5176808
Rodney Sanz,thursday ,5336094
Rodney Sanz,tuesday  ,6212169
Rodney Sanz,wednesday,4818413
Ryan Alexander,friday   ,919909
Ryan Alexander,monday   ,636860
Ryan Alexander,saturday ,212286
Ryan Alexander,sunday   ,636860
Ryan Alexander,thursday ,495335
Ryan Alexander,tuesday  ,495335
Ryan Alexander,wednesday,707622
Ryan Davis,friday   ,14870016
Ryan Davis,monday   ,16147908
Ryan Davis,saturday ,14521500
Ryan Davis,sunday   ,13243608
Ryan Davis,thursday ,16147908
Ryan Davis,tuesday  ,16380252
Ryan Davis,wednesday,13243608
Samuel Johnston,friday   ,600984
Samuel Johnston,monday   ,767924
Samuel Johnston,saturday ,333880
Samuel Johnston,sunday   ,400656
Samuel Johnston,thursday ,634372
Samuel Johnston,tuesday  ,767924
Samuel Johnston,wednesday,600984
Samuel Robinson,friday   ,17799141
Samuel Robinson,monday   ,24473820
Samuel Robinson,saturday ,18911588
Samuel Robinson,sunday   ,15574249
Samuel Robinson,thursday ,18911588
Samuel Robinson,tuesday  ,21136481
Samuel Robinson,wednesday,14461802
Samuel Sharma,friday   ,0
Samuel Sharma,monday   ,0
Samuel Sharma,saturday ,0
Samuel Sharma,sunday   ,0
Samuel Sharma,thursday ,0
Samuel Sharma,tuesday  ,0
Samuel Sharma,wednesday,0
Samuel Young,friday   ,1190965
Samuel Young,monday   ,1796895
Samuel Young,saturday ,1316330
Samuel Young,sunday   ,1211859
Samuel Young,thursday ,1629742
Samuel Young,tuesday  ,1650636
Samuel Young,wednesday,1358118
Sean Green,friday   ,5318619
Sean Green,monday   ,4992478
Sean Green,saturday ,4666336
Sean Green,sunday   ,4691424
Sean Green,thursday ,5143005
Sean Green,tuesday  ,5042653
Sean Green,wednesday,4490721
Seth Bennett,friday   ,339381
Seth Bennett,monday   ,287168
Seth Bennett,saturday ,156637
Seth Bennett,sunday   ,156637
Seth Bennett,thursday ,261062
Seth Bennett,tuesday  ,287168
Seth Bennett,wednesday,78318
Shaun Andersen,friday   ,417700
Shaun Andersen,monday   ,730975
Shaun Andersen,saturday ,417700
Shaun Andersen,sunday   ,443806
Shaun Andersen,thursday ,496019
Shaun Andersen,tuesday  ,287168
Shaun Andersen,wednesday,339381
Sheena Chande,friday   ,2077992
Sheena Chande,monday   ,1940166
Sheena Chande,saturday ,2258226
Sheena Chande,sunday   ,2364246
Sheena Chande,thursday ,1961370
Sheena Chande,tuesday  ,2173410
Sheena Chande,wednesday,1918962
Shelley Dyck,friday   ,8614229
Shelley Dyck,monday   ,17946311
Shelley Dyck,saturday ,12203491
Shelley Dyck,sunday   ,18664163
Shelley Dyck,thursday ,12921344
Shelley Dyck,tuesday  ,17946311
Shelley Dyck,wednesday,7178524
Spencer Bennett,friday   ,490336
Spencer Bennett,monday   ,490336
Spencer Bennett,saturday ,490336
Spencer Bennett,sunday   ,196134
Spencer Bennett,thursday ,392268
Spencer Bennett,tuesday  ,441302
Spencer Bennett,wednesday,343235
Stephanie Alexander,friday   ,42819072
Stephanie Alexander,monday   ,41415168
Stephanie Alexander,saturday ,42468096
Stephanie Alexander,sunday   ,46679808
Stephanie Alexander,thursday ,47732736
Stephanie Alexander,tuesday  ,50540544
Stephanie Alexander,wednesday,38958336
Steven Peterson,friday   ,1384234
Steven Peterson,monday   ,1462219
Steven Peterson,saturday ,1540204
Steven Peterson,sunday   ,1208768
Steven Peterson,thursday ,1052798
Steven Peterson,tuesday  ,1364738
Steven Peterson,wednesday,1481715
Steven Watson,friday   ,2871352
Steven Watson,monday   ,2349288
Steven Watson,saturday ,2610320
Steven Watson,sunday   ,1305160
Steven Watson,thursday ,1566192
Steven Watson,tuesday  ,2349288
Steven Watson,wednesday,1566192
Tabitha Gonzalez,friday   ,6001723
Tabitha Gonzalez,monday   ,4092084
Tabitha Gonzalez,saturday ,3273667
Tabitha Gonzalez,sunday   ,3273667
Tabitha Gonzalez,thursday ,6547334
Tabitha Gonzalez,tuesday  ,4910500
Tabitha Gonzalez,wednesday,4092084
Tabitha Rodriguez,friday   ,9664387
Tabitha Rodriguez,monday   ,11235833
Tabitha Rodriguez,saturday ,12021555
Tabitha Rodriguez,sunday   ,8014370
Tabitha Rodriguez,thursday ,11550122
Tabitha Rodriguez,tuesday  ,9664387
Tabitha Rodriguez,wednesday,7700081
Tara Xie,friday   ,167994
Tara Xie,monday   ,111996
Tara Xie,saturday ,111996
Tara Xie,thursday ,167994
Tara Xie,tuesday  ,55998
Tara Xie,wednesday,55998
Tasha Yuan,friday   ,53887363
Tasha Yuan,monday   ,60419164
Tasha Yuan,saturday ,57153264
Tasha Yuan,sunday   ,57969739
Tasha Yuan,thursday ,64501540
Tasha Yuan,tuesday  ,52254412
Tasha Yuan,wednesday,50621462
Thomas Li,friday   ,3589262
Thomas Li,monday   ,5742819
Thomas Li,saturday ,3589262
Thomas Li,sunday   ,2871409
Thomas Li,thursday ,9332081
Thomas Li,tuesday  ,7178524
Thomas Li,wednesday,9332081
Thomas Martinez,friday   ,163367442
Thomas Martinez,monday   ,185149767
Thomas Martinez,saturday ,185149767
Thomas Martinez,sunday   ,181519380
Thomas Martinez,thursday ,169720620
Thomas Martinez,tuesday  ,206024496
Thomas Martinez,wednesday,166090232
Timothy Sanders,friday   ,349084
Timothy Sanders,monday   ,548560
Timothy Sanders,saturday ,249345
Timothy Sanders,sunday   ,523626
Timothy Sanders,thursday ,523626
Timothy Sanders,tuesday  ,274280
Timothy Sanders,wednesday,274280
Tina Lopez,friday   ,53039844
Tina Lopez,monday   ,45083867
Tina Lopez,saturday ,50387851
Tina Lopez,sunday   ,66299805
Tina Lopez,thursday ,34475898
Tina Lopez,tuesday  ,53039844
Tina Lopez,wednesday,29171914
Trish Pederson,friday   ,7163625
Trish Pederson,monday   ,10233750
Trish Pederson,saturday ,5116875
Trish Pederson,sunday   ,7163625
Trish Pederson,thursday ,13303875
Trish Pederson,tuesday  ,8187000
Trish Pederson,wednesday,8187000
Trisha Sun,friday   ,25261232
Trisha Sun,monday   ,27411125
Trisha Sun,saturday ,25126864
Trisha Sun,sunday   ,29292280
Trisha Sun,thursday ,25126864
Trisha Sun,tuesday  ,27008020
Trisha Sun,wednesday,25261232
Tristan Butler,friday   ,20894
Tristan Butler,monday   ,20894
Tristan Butler,saturday ,20894
Tristan Butler,thursday ,62682
Tristan Butler,tuesday  ,41788
Tristan Butler,wednesday,104470
Troy Chandra,friday   ,1190553
Troy Chandra,monday   ,3571659
Troy Chandra,sunday   ,3571659
Troy Chandra,tuesday  ,2381106
Troy Chandra,wednesday,8333871
Tyrone Ruiz,friday   ,0
Tyrone Ruiz,monday   ,0
Tyrone Ruiz,saturday ,0
Tyrone Ruiz,sunday   ,0
Tyrone Ruiz,thursday ,0
Tyrone Ruiz,tuesday  ,0
Tyrone Ruiz,wednesday,0
Victoria Powell,friday   ,8286678
Victoria Powell,monday   ,10100921
Victoria Powell,saturday ,9806720
Victoria Powell,sunday   ,10297056
Victoria Powell,thursday ,9708652
Victoria Powell,tuesday  ,11424828
Victoria Powell,wednesday,8237644
Victoria Williams,friday   ,36335792
Victoria Williams,monday   ,31886511
Victoria Williams,saturday ,29661871
Victoria Williams,sunday   ,29909053
Victoria Williams,thursday ,31392147
Victoria Williams,tuesday  ,32875240
Victoria Williams,wednesday,31392147
Virginia Rodriguez,friday   ,6264398
Virginia Rodriguez,monday   ,5481348
Virginia Rodriguez,saturday ,7047448
Virginia Rodriguez,sunday   ,7438973
Virginia Rodriguez,thursday ,5481348
Virginia Rodriguez,tuesday  ,5089823
Virginia Rodriguez,wednesday,6264398
Walter Jimenez,friday   ,31769390
Walter Jimenez,monday   ,21736951
Walter Jimenez,saturday ,13376585
Walter Jimenez,sunday   ,33441463
Walter Jimenez,thursday ,25081097
Walter Jimenez,tuesday  ,23409024
Walter Jimenez,wednesday,26753170
Warren Zhao,friday   ,82148157
Warren Zhao,monday   ,85719816
Warren Zhao,saturday ,86910369
Warren Zhao,sunday   ,80957604
Warren Zhao,thursday ,84529263
Warren Zhao,tuesday  ,79767051
Warren Zhao,wednesday,79767051
Whitney Sanchez,friday   ,17557
Whitney Sanchez,monday   ,21459
Whitney Sanchez,saturday ,17557
Whitney Sanchez,sunday   ,15606
Whitney Sanchez,thursday ,9754
Whitney Sanchez,tuesday  ,17557
Whitney Sanchez,wednesday,15606
Willie Gao,friday   ,0
Willie Gao,monday   ,0
Willie Gao,saturday ,0
Willie Gao,sunday   ,0
Willie Gao,thursday ,0
Willie Gao,tuesday  ,0
Willie Gao,wednesday,0
Xavier Smith,friday   ,9075969
Xavier Smith,monday   ,9983565
Xavier Smith,saturday ,5445581
Xavier Smith,sunday   ,6353178
Xavier Smith,thursday ,7260775
Xavier Smith,tuesday  ,7260775
Xavier Smith,wednesday,8168372
